-- Insert into Roles 
INSERT INTO Roles (roleName) VALUES
('manager'),
('waiter'),
('cooker');

-- Insert into Categories 
INSERT INTO Categories (category_name) VALUES
('food'),
('drinks'),
('desserts');

-- Insert into Customers 
INSERT INTO Customers (name, surname, email, phone_number, password) VALUES
('Ahmet', 'Yılmaz', 'ahmet.yilmaz1@example.com', '5059999999', 'ahmetyilmaz1'), 
('Ayşe', 'Demir', 'ayse.demir2@example.com', '5550100002', 'aysedemir2'),
('Mehmet', 'Kaya', 'mehmet.kaya3@example.com', '5550100003', 'mehmetkaya3'),
('Fatma', 'Çelik', 'fatma.celik4@example.com', '5550100004', 'fatmacelik4'),
('Mustafa', 'Öztürk', 'mustafa.ozturk5@example.com', '5550100005', 'mustafaozturk5'),
('Zeynep', 'Aydın', 'zeynep.aydin6@example.com', '5550100006', 'zeynepaydin6'),
('Ali', 'Şahin', 'ali.sahin7@example.com', '5550100007', 'alisahin7'),
('Emine', 'Koç', 'emine.koc8@example.com', '5550100008', 'eminekoc8'),
('Hasan', 'Er', 'hasan.er9@example.com', '5550100009', 'hasaner9'),
('Hülya', 'Yıldız', 'hulya.yildiz10@example.com', '5550100010', 'hulyayildiz10'),
('İbrahim', 'Arslan', 'ibrahim.arslan11@example.com', '5550100011', 'ibrahimarslan11'),
('Esra', 'Boz', 'esra.boz12@example.com', '5550100012', 'esraboz12'),
('Kemal', 'Güneş', 'kemal.gunes13@example.com', '5550100013', 'kemalgunes13'),
('Aslı', 'Tekin', 'asli.tekin14@example.com', '5550100014', 'aslitekin14'),
('Murat', 'Polat', 'murat.polat15@example.com', '5550100015', 'muratpolat15'),
('Selin', 'Aksoy', 'selin.aksoy16@example.com', '5550100016', 'selinaksoy16'),
('Ömer', 'Korkmaz', 'omer.korkmaz17@example.com', '5550100017', 'omerkorkmaz17'),
('Derya', 'Uçar', 'derya.ucar18@example.com', '5550100018', 'deryaucar18'),
('Can', 'Eren', 'can.eren19@example.com', '5550100019', 'caneren19'),
('Buse', 'Yalçın', 'buse.yalcin20@example.com', '5550100020', 'buseyalcin20'),
('Efe', 'Toprak', 'efe.toprak21@example.com', '5550100021', 'efetoprak21'),
('Ceren', 'Sönmez', 'ceren.sonmez22@example.com', '5550100022', 'cerensonmez22'),
('Burak', 'Karaca', 'burak.karaca23@example.com', '5550100023', 'burakkaraca23'),
('Melis', 'Turan', 'melis.turan24@example.com', '5550100024', 'melisturan24'),
('Okan', 'Çetin', 'okan.cetin25@example.com', '5550100025', 'okancetin25'),
('Pınar', 'Yaman', 'pinar.yaman26@example.com', '5550100026', 'pinaryaman26'),
('Tolga', 'Bulut', 'tolga.bulut27@example.com', '5550100027', 'tolgabulut27'),
('Gizem', 'Özkan', 'gizem.ozkan28@example.com', '5550100028', 'gizemozkan28'),
('Umut', 'Kara', 'umut.kara29@example.com', '5550100029', 'umutkara29'),
('Seda', 'Güler', 'seda.guler30@example.com', '5550100030', 'sedaguler30'),
('Berk', 'Deniz', 'berk.deniz31@example.com', '5550100031', 'berkdeniz31'),
('Elif', 'Sarı', 'elif.sari32@example.com', '5550100032', 'elifsari32'),
('Yusuf', 'Acar', 'yusuf.acar33@example.com', '5550100033', 'yusufacar33'),
('Ece', 'Kır', 'ece.kir34@example.com', '5550100034', 'ecekir34'),
('Arda', 'Soyadı', 'arda.soyadi35@example.com', '5550100035', 'ardasoyadi35'),
('Leyla', 'Yurt', 'leyla.yurt36@example.com', '5550100036', 'leylayurt36'),
('Kaan', 'Duman', 'kaan.duman37@example.com', '5550100037', 'kaanduman37'),
('Defne', 'Aslan', 'defne.aslan38@example.com', '5550100038', 'defneaslan38'),
('Barış', 'Kocaman', 'baris.kocaman39@example.com', '5550100039', 'bariskocaman39'),
('Selen', 'Ergen', 'selen.ergen40@example.com', '5550100040', 'selenergen40'),
('Deniz', 'Kaplan', 'deniz.kaplan41@example.com', '5550100041', 'denizkaplan41'),
('Merve', 'Tunç', 'merve.tunc42@example.com', '5550100042', 'mervetunc42'),
('Emir', 'Gündüz', 'emir.gunduz43@example.com', '5550100043', 'emirgunduz43'),
('Cem', 'Bilgin', 'cem.bilgin44@example.com', '5550100044', 'cembilgin44'),
('Naber', 'Naber', 'naber.naber45@example.com', '5550100045', 'nabernaber45'),
('Nazlı', 'Öz', 'nazli.oz46@example.com', '5550100046', 'nazlioz46'),
('Onur', 'Keser', 'onur.keser47@example.com', '5550100047', 'onurkeser47'),
('Eda', 'Çınar', 'eda.cinar48@example.com', '5550100048', 'edacinar48'),
('Kerem', 'Yavaş', 'kerem.yavas49@example.com', '5550100049', 'keremyavas49'),
('Ada', 'Gökçe', 'ada.gokce50@example.com', '5550100050', 'adagokce50');

-- Insert into Tables 
INSERT INTO Tables (capacity, status) VALUES
(4, 'empty'), (2, 'empty'), (6, 'empty'), (4, 'reserved'), (8, 'empty'),
(2, 'empty'), (4, 'reserved'), (6, 'empty'), (4, 'empty'), (2, 'reserved'),
(8, 'empty'), (4, 'reserved'), (6, 'empty'), (2, 'empty'), (4, 'reserved'),
(4, 'empty'), (6, 'reserved'), (2, 'empty'), (8, 'reserved'), (4, 'empty'),
(2, 'empty'), (4, 'reserved'), (6, 'empty'), (4, 'empty'), (2, 'reserved'),
(8, 'empty'), (4, 'reserved'), (6, 'empty'), (2, 'empty'), (4, 'reserved');

-- Insert into Staff 
INSERT INTO Staff (role_id, name, surname, phone_number, email, password) VALUES
(1, 'Levent', 'Kara', '5550200001', 'levent.kara1@example.com', 'leventkara1'),
(1, 'Aylin', 'Vural', '5550200002', 'aylin.vural2@example.com', 'aylinvural2'),
(2, 'Sevgi', 'Ateş', '5550200003', 'sevgi.ates3@example.com', 'sevgiates3'),
(2, 'Fatih', 'Bahçe', '5550200004', 'fatih.bahce4@example.com', 'fatihbahce4'),
(2, 'Gül', 'Çiçek', '5550200005', 'gul.cicek5@example.com', 'gulcicek5'),
(2, 'Hakan', 'Dağ', '5550200006', 'hakan.dag6@example.com', 'hakandag6'),
(2, 'Nur', 'Ege', '5550200007', 'nur.ege7@example.com', 'nurege7'),
(2, 'Salih', 'Fidan', '5550200008', 'salih.fidan8@example.com', 'salihfidan8'),
(2, 'Zehra', 'Gök', '5550200009', 'zehra.gok9@example.com', 'zehragok9'),
(3, 'Bülent', 'Hava', '5550200010', 'bulent.hava10@example.com', 'bulenthava10'),
(3, 'Cemile', 'Işık', '5550200011', 'cemile.isik11@example.com', 'cemileisik11'),
(3, 'Doğan', 'Jale', '5550200012', 'dogan.jale12@example.com', 'doganjale12'),
(3, 'Ebru', 'Kale', '5550200013', 'ebru.kale13@example.com', 'ebrukale13'),
(3, 'Ferhat', 'Lale', '5550200014', 'ferhat.lale14@example.com', 'ferhatlale14');

-- Insert into Menu 
INSERT INTO Menu (category_id, itemName, price, allergens) VALUES
(1, 'Adana KEbab', 280.00, 'none'),
(1, 'İskender Kebap', 305.00, 'milk'),
(1, 'Lahmacun', 100.00, 'gluten'),
(1, 'Mantı', 170.00, 'gluten, milk'),
(1, 'Pide', 130.00, 'gluten'),
(1, 'Levrek Izgara', 290.00, 'fish'),
(1, 'Hamsi Tava', 175.00, 'fish, gluten'),
(1, 'Somon Fırın', 310.00, 'fish'),
(2, 'Ayran', 30.00, 'milk'),
(2, 'Kola', 45.00, 'none'),
(2, 'Fanta', 45.00, 'none'),
(2, 'Şalgam', 35.00, 'none'),
(2, 'Türk Kahvesi', 55.00, 'none'),
(2, 'Çay', 25.00, 'none'),
(3, 'Baklava', 95.00, 'nuts, gluten'),
(3, 'Sütlaç', 65.00, 'milk'),
(3, 'Künefe', 105.00, 'milk, nuts'),
(3, 'Kazandibi', 75.00, 'milk'),
(3, 'Fırın Helva', 85.00, 'milk'),
(3, 'Dondurma', 55.00, 'milk');

-- Insert into Reservations 
INSERT INTO Reservations (customer_id, date, time, table_id, in_restaurant, call_waiter, advance_payment, status, order_status) VALUES
(1, '2025-04-01', '18:00:00', 1, TRUE, FALSE, TRUE, 'completed', 'served'),
(2, '2025-04-01', '19:00:00', 2, TRUE, TRUE, TRUE, 'active', 'cooking'),
(3, '2025-04-02', '20:00:00', 3, TRUE, FALSE, TRUE, 'completed', 'served'),
(4, '2025-04-02', '17:30:00', 4, FALSE, FALSE, FALSE, 'canceled', NULL),
(5, '2025-04-03', '18:30:00', 5, TRUE, TRUE, TRUE, 'active', 'ready to serve'),
(6, '2025-04-03', '19:30:00', 6, FALSE, FALSE, TRUE, 'waiting', NULL),
(7, '2025-04-04', '20:30:00', 7, TRUE, FALSE, TRUE, 'completed', 'served'),
(8, '2025-04-04', '17:00:00', 8, TRUE, TRUE, TRUE, 'active', 'cooking'),
(9, '2025-04-05', '18:00:00', 9, FALSE, FALSE, TRUE, 'waiting', NULL),
(10, '2025-04-05', '19:00:00', 10, TRUE, FALSE, TRUE, 'completed', 'served'),
(11, '2025-04-06', '20:00:00', 11, TRUE, TRUE, TRUE, 'active', 'order taken'),
(12, '2025-04-06', '17:30:00', 12, FALSE, FALSE, FALSE, 'canceled', NULL),
(13, '2025-04-07', '18:30:00', 13, FALSE, FALSE, TRUE, 'waiting', NULL),
(14, '2025-04-07', '19:30:00', 14, TRUE, FALSE, TRUE, 'completed', 'served'),
(15, '2025-04-01', '20:30:00', 15, TRUE, TRUE, TRUE, 'active', 'cooking'),
(16, '2025-04-02', '17:00:00', 16, FALSE, FALSE, TRUE, 'waiting', NULL),
(17, '2025-04-03', '18:00:00', 17, TRUE, FALSE, TRUE, 'completed', 'served'),
(18, '2025-04-04', '19:00:00', 18, TRUE, TRUE, TRUE, 'active', 'ready to serve'),
(19, '2025-04-05', '20:00:00', 19, FALSE, FALSE, FALSE, 'canceled', NULL),
(20, '2025-04-06', '17:30:00', 20, FALSE, FALSE, TRUE, 'waiting', NULL),
(21, '2025-04-07', '18:30:00', 21, TRUE, FALSE, TRUE, 'completed', 'served'),
(22, '2025-04-01', '19:30:00', 22, TRUE, TRUE, TRUE, 'active', 'cooking'),
(23, '2025-04-02', '20:30:00', 23, FALSE, FALSE, TRUE, 'waiting', NULL),
(24, '2025-04-03', '17:00:00', 24, TRUE, FALSE, TRUE, 'completed', 'served'),
(25, '2025-04-04', '18:00:00', 25, TRUE, TRUE, TRUE, 'active', 'order taken'),
(26, '2025-04-05', '19:00:00', 26, FALSE, FALSE, TRUE, 'waiting', NULL),
(27, '2025-04-08', '20:00:00', 27, TRUE, FALSE, TRUE, 'completed', 'served'),
(28, '2025-04-08', '17:30:00', 28, TRUE, TRUE, TRUE, 'active', 'cooking'),
(29, '2025-04-09', '18:30:00', 29, FALSE, FALSE, FALSE, 'canceled', NULL),
(30, '2025-04-09', '19:30:00', 30, FALSE, FALSE, TRUE, 'waiting', NULL),
(31, '2025-04-10', '20:30:00', 1, TRUE, FALSE, TRUE, 'completed', 'served'),
(32, '2025-04-10', '17:00:00', 2, TRUE, TRUE, TRUE, 'active', 'cooking'),
(33, '2025-04-11', '18:00:00', 3, FALSE, FALSE, TRUE, 'waiting', NULL),
(34, '2025-04-11', '19:00:00', 4, TRUE, FALSE, TRUE, 'completed', 'served'),
(35, '2025-04-12', '20:00:00', 5, TRUE, TRUE, TRUE, 'active', 'ready to serve'),
(36, '2025-04-12', '17:30:00', 6, FALSE, FALSE, TRUE, 'waiting', NULL),
(37, '2025-04-13', '18:30:00', 7, TRUE, FALSE, TRUE, 'completed', 'served'),
(38, '2025-04-13', '19:30:00', 8, TRUE, TRUE, TRUE, 'active', 'cooking'),
(39, '2025-04-14', '20:30:00', 9, FALSE, FALSE, FALSE, 'canceled', NULL),
(40, '2025-04-14', '17:00:00', 10, FALSE, FALSE, TRUE, 'waiting', NULL),
(41, '2025-04-08', '18:00:00', 11, TRUE, FALSE, TRUE, 'completed', 'served'),
(42, '2025-04-09', '19:00:00', 12, TRUE, TRUE, TRUE, 'active', 'order taken'),
(43, '2025-04-10', '20:00:00', 13, FALSE, FALSE, TRUE, 'waiting', NULL),
(44, '2025-04-11', '17:30:00', 14, TRUE, FALSE, TRUE, 'completed', 'served'),
(45, '2025-04-12', '18:30:00', 15, TRUE, TRUE, TRUE, 'active', 'cooking'),
(46, '2025-04-13', '19:30:00', 16, FALSE, FALSE, FALSE, 'canceled', NULL),
(47, '2025-04-14', '20:30:00', 17, TRUE, FALSE, TRUE, 'completed', 'served'),
(48, '2025-04-08', '17:00:00', 18, TRUE, TRUE, TRUE, 'active', 'ready to serve'),
(49, '2025-04-09', '18:00:00', 19, FALSE, FALSE, FALSE, 'canceled', NULL),
(50, '2025-04-10', '19:00:00', 20, FALSE, FALSE, TRUE, 'waiting', NULL),
(1, '2025-04-11', '20:00:00', 21, TRUE, FALSE, TRUE, 'completed', 'served'),
(2, '2025-04-12', '17:30:00', 22, TRUE, TRUE, TRUE, 'active', 'cooking'),
(3, '2025-04-13', '18:30:00', 23, FALSE, FALSE, TRUE, 'waiting', NULL),
(4, '2025-04-15', '19:30:00', 24, TRUE, FALSE, TRUE, 'completed', 'served'),
(5, '2025-04-15', '20:30:00', 25, TRUE, TRUE, TRUE, 'active', 'order taken'),
(6, '2025-04-16', '17:00:00', 26, FALSE, FALSE, FALSE, 'canceled', NULL),
(7, '2025-04-16', '18:00:00', 27, FALSE, FALSE, TRUE, 'waiting', NULL),
(8, '2025-04-17', '19:00:00', 28, TRUE, FALSE, TRUE, 'completed', 'served'),
(9, '2025-04-17', '20:00:00', 29, TRUE, TRUE, TRUE, 'active', 'cooking'),
(10, '2025-04-18', '17:30:00', 30, FALSE, FALSE, TRUE, 'waiting', NULL),
(11, '2025-04-18', '18:30:00', 1, TRUE, FALSE, TRUE, 'completed', 'served'),
(12, '2025-04-19', '19:30:00', 2, TRUE, TRUE, TRUE, 'active', 'ready to serve'),
(13, '2025-04-19', '20:30:00', 3, FALSE, FALSE, TRUE, 'waiting', NULL),
(14, '2025-04-20', '17:00:00', 4, TRUE, FALSE, TRUE, 'completed', 'served'),
(15, '2025-04-20', '18:00:00', 5, TRUE, TRUE, TRUE, 'active', 'cooking'),
(16, '2025-04-21', '19:00:00', 6, FALSE, FALSE, FALSE, 'canceled', NULL),
(17, '2025-04-21', '20:00:00', 7, FALSE, FALSE, TRUE, 'waiting', NULL),
(18, '2025-04-15', '17:30:00', 8, TRUE, FALSE, TRUE, 'completed', 'served'),
(19, '2025-04-16', '18:30:00', 9, TRUE, TRUE, TRUE, 'active', 'order taken'),
(20, '2025-04-17', '19:30:00', 10, FALSE, FALSE, TRUE, 'waiting', NULL),
(21, '2025-04-18', '20:30:00', 11, TRUE, FALSE, TRUE, 'completed', 'served'),
(22, '2025-04-19', '17:00:00', 12, TRUE, TRUE, TRUE, 'active', 'cooking'),
(23, '2025-04-20', '18:00:00', 13, FALSE, FALSE, TRUE, 'waiting', NULL),
(24, '2025-04-21', '19:00:00', 14, TRUE, FALSE, TRUE, 'completed', 'served'),
(25, '2025-04-15', '20:00:00', 15, TRUE, TRUE, TRUE, 'active', 'ready to serve'),
(26, '2025-04-16', '17:30:00', 16, FALSE, FALSE, FALSE, 'canceled', NULL),
(27, '2025-04-17', '18:30:00', 17, FALSE, FALSE, TRUE, 'waiting', NULL),
(28, '2025-04-22', '19:30:00', 18, TRUE, FALSE, TRUE, 'completed', 'served'),
(29, '2025-04-22', '20:30:00', 19, TRUE, TRUE, TRUE, 'active', 'cooking'),
(30, '2025-04-23', '17:00:00', 20, FALSE, FALSE, TRUE, 'waiting', NULL),
(31, '2025-04-23', '18:00:00', 21, TRUE, FALSE, TRUE, 'completed', 'served'),
(32, '2025-04-24', '19:00:00', 22, TRUE, TRUE, TRUE, 'active', 'order taken'),
(33, '2025-04-24', '20:00:00', 23, FALSE, FALSE, TRUE, 'waiting', NULL),
(34, '2025-04-25', '17:30:00', 24, TRUE, FALSE, TRUE, 'completed', 'served'),
(35, '2025-04-25', '18:30:00', 25, TRUE, TRUE, TRUE, 'active', 'cooking'),
(36, '2025-04-26', '19:30:00', 26, FALSE, FALSE, FALSE, 'canceled', NULL),
(37, '2025-04-26', '20:30:00', 27, FALSE, FALSE, TRUE, 'waiting', NULL),
(38, '2025-04-27', '17:00:00', 28, TRUE, FALSE, TRUE, 'completed', 'served'),
(39, '2025-04-27', '18:00:00', 29, TRUE, TRUE, TRUE, 'active', 'ready to serve'),
(40, '2025-04-28', '19:00:00', 30, FALSE, FALSE, TRUE, 'waiting', NULL),
(41, '2025-04-28', '20:00:00', 1, TRUE, FALSE, TRUE, 'completed', 'served'),
(42, '2025-04-29', '17:30:00', 2, TRUE, TRUE, TRUE, 'active', 'cooking'),
(43, '2025-04-29', '18:30:00', 3, FALSE, FALSE, TRUE, 'waiting', NULL),
(44, '2025-04-30', '19:30:00', 4, TRUE, FALSE, TRUE, 'completed', 'served'),
(45, '2025-04-30', '20:30:00', 5, TRUE, TRUE, TRUE, 'active', 'order taken'),
(46, '2025-04-22', '17:00:00', 6, FALSE, FALSE, FALSE, 'canceled', NULL),
(47, '2025-04-23', '18:00:00', 7, FALSE, FALSE, TRUE, 'waiting', NULL),
(48, '2025-04-24', '19:00:00', 8, TRUE, FALSE, TRUE, 'completed', 'served'),
(49, '2025-04-25', '20:00:00', 9, TRUE, TRUE, TRUE, 'active', 'cooking'),
(50, '2025-04-26', '17:30:00', 10, FALSE, FALSE, TRUE, 'waiting', NULL),
(1, '2025-04-27', '18:30:00', 11, TRUE, FALSE, TRUE, 'completed', 'served'),
(2, '2025-04-28', '19:30:00', 12, TRUE, TRUE, TRUE, 'active', 'ready to serve'),
(3, '2025-04-29', '20:30:00', 13, FALSE, FALSE, TRUE, 'waiting', NULL),
(4, '2025-04-30', '17:00:00', 14, TRUE, FALSE, TRUE, 'completed', 'served'),
(5, '2025-04-22', '18:00:00', 15, TRUE, TRUE, TRUE, 'active', 'cooking');

-- Insert into Orders 
INSERT INTO Orders (ItemName, quantity, reservation_id) VALUES
('Adana Kebap', 2, 1),
('Kola', 2, 1),
('Künefe', 1, 1),
('İskender Kebap', 2, 2),
('Ayran', 2, 2),
('Baklava', 1, 2),
('Levrek Izgara', 2, 3),
('Çay', 2, 3),
('Sütlaç', 2, 3),
('Pide', 2, 5),
('Fanta', 2, 5),
('Dondurma', 2, 5),
('Somon Fırın', 3, 7),
('Şalgam', 2, 7),
('Künefe', 1, 7),
('Hamsi Tava', 2, 8),
('Kola', 2, 8),
('Baklava', 2, 8),
('Mantı', 2, 10),
('Ayran', 2, 10),
('Sütlaç', 1, 10),
('Adana Kebap', 3, 11),
('Çay', 2, 11),
('Dondurma', 2, 11),
('İskender Kebap', 2, 14),
('Fanta', 2, 14),
('Künefe', 1, 14),
('Lahmacun', 4, 15),
('Kola', 3, 15),
('Baklava', 2, 15),
('Pide', 2, 17),
('Şalgam', 2, 17),
('Sütlaç', 2, 17),
('Levrek Izgara', 3, 18),
('Ayran', 2, 18),
('Dondurma', 1, 18),
('Somon Fırın', 2, 21),
('Çay', 2, 21),
('Künefe', 2, 21),
('Hamsi Tava', 3, 22),
('Fanta', 2, 22),
('Baklava', 1, 22),
('Adana Kebap', 2, 24),
('Kola', 2, 24),
('Sütlaç', 2, 24),
('İskender Kebap', 3, 25),
('Şalgam', 2, 25),
('Dondurma', 1, 25),
('Mantı', 2, 27),
('Ayran', 2, 27),
('Künefe', 2, 27),
('Pide', 3, 28),
('Çay', 2, 28),
('Baklava', 1, 28),
('Levrek Izgara', 2, 31),
('Fanta', 2, 31),
('Sütlaç', 2, 31),
('Somon Fırın', 3, 32),
('Kola', 2, 32),
('Dondurma', 1, 32),
('Hamsi Tava', 2, 34),
('Şalgam', 2, 34),
('Künefe', 2, 34),
('Adana Kebap', 3, 35),
('Ayran', 2, 35),
('Baklava', 1, 35),
('İskender Kebap', 2, 37),
('Çay', 2, 37),
('Sütlaç', 2, 37),
('Lahmacun', 4, 38),
('Fanta', 3, 38),
('Dondurma', 1, 38),
('Pide', 2, 41),
('Kola', 2, 41),
('Künefe', 2, 41),
('Levrek Izgara', 3, 42),
('Şalgam', 2, 42),
('Baklava', 1, 42),
('Somon Fırın', 2, 44),
('Ayran', 2, 44),
('Sütlaç', 2, 44),
('Hamsi Tava', 3, 45),
('Çay', 2, 45),
('Dondurma', 1, 45),
('Adana Kebap', 2, 47),
('Fanta', 2, 47),
('Künefe', 2, 47),
('İskender Kebap', 3, 48),
('Kola', 2, 48),
('Baklava', 1, 48),
('Mantı', 2, 51),
('Şalgam', 2, 51),
('Sütlaç', 2, 51),
('Pide', 3, 52),
('Ayran', 2, 52),
('Dondurma', 1, 52),
('Levrek Izgara', 2, 54),
('Çay', 2, 54),
('Künefe', 2, 54),
('Somon Fırın', 3, 55),
('Fanta', 2, 55),
('Baklava', 1, 55),
('Hamsi Tava', 2, 58),
('Kola', 2, 58),
('Sütlaç', 2, 58),
('Adana Kebap', 3, 59),
('Şalgam', 2, 59),
('Dondurma', 1, 59),
('İskender Kebap', 2, 61),
('Ayran', 2, 61),
('Künefe', 2, 61),
('Lahmacun', 4, 62),
('Çay', 3, 62),
('Baklava', 1, 62),
('Pide', 2, 64),
('Fanta', 2, 64),
('Sütlaç', 2, 64),
('Levrek Izgara', 3, 65),
('Kola', 2, 65),
('Dondurma', 1, 65),
('Somon Fırın', 2, 68),
('Şalgam', 2, 68),
('Künefe', 2, 68),
('Hamsi Tava', 3, 69),
('Ayran', 2, 69),
('Baklava', 1, 69),
('Adana Kebap', 2, 71),
('Çay', 2, 71),
('Sütlaç', 2, 71),
('İskender Kebap', 3, 72),
('Fanta', 2, 72),
('Dondurma', 1, 72),
('Mantı', 2, 74),
('Kola', 2, 74),
('Künefe', 2, 74),
('Pide', 3, 75),
('Şalgam', 2, 75),
('Baklava', 1, 75),
('Levrek Izgara', 2, 78),
('Ayran', 2, 78),
('Sütlaç', 2, 78),
('Somon Fırın', 3, 79),
('Çay', 2, 79),
('Dondurma', 1, 79),
('Hamsi Tava', 2, 81),
('Fanta', 2, 81),
('Künefe', 2, 81),
('Adana Kebap', 3, 82),
('Kola', 2, 82),
('Baklava', 1, 82),
('İskender Kebap', 2, 84),
('Şalgam', 2, 84),
('Sütlaç', 2, 84),
('Lahmacun', 4, 85),
('Ayran', 3, 85),
('Dondurma', 1, 85),
('Pide', 2, 88),
('Çay', 2, 88),
('Künefe', 2, 88),
('Levrek Izgara', 3, 89),
('Fanta', 2, 89),
('Baklava', 1, 89),
('Somon Fırın', 2, 91),
('Kola', 2, 91),
('Sütlaç', 2, 91),
('Hamsi Tava', 3, 92),
('Şalgam', 2, 92),
('Dondurma', 1, 92),
('Adana Kebap', 2, 94),
('Ayran', 2, 94),
('Künefe', 2, 94),
('İskender Kebap', 3, 95),
('Çay', 2, 95),
('Baklava', 1, 95),
('Pide', 2, 98),
('Fanta', 2, 98),
('Sütlaç', 2, 98),
('Levrek Izgara', 3, 99),
('Kola', 2, 99),
('Dondurma', 1, 99),
('Somon Fırın', 2, 101),
('Şalgam', 2, 101),
('Künefe', 2, 101),
('Hamsi Tava', 3, 102),
('Ayran', 2, 102),
('Baklava', 1, 102),
('Adana Kebap', 2, 104),
('Çay', 2, 104),
('Sütlaç', 2, 104),
('İskender Kebap', 3, 105),
('Fanta', 2, 105),
('Dondurma', 1, 105);

-- Insert into Payments 
INSERT INTO Payments (reservation_id, payment_method, status, amount, date) VALUES
(1, 'card', 'completed', 1000.00, '2025-04-01 18:00:00'),
(2, 'card', 'completed', 680.00, '2025-04-01 19:00:00'),
(3, 'cash', 'completed', 750.00, '2025-04-02 20:00:00'),
(4, 'online', 'canceled', 0.00, '2025-04-02 10:00:00'),
(5, 'card', 'completed', 610.00, '2025-04-03 18:30:00'),
(6, 'online', 'pending', 400.00, '2025-04-03 10:00:00'),
(7, 'cash', 'completed', 720.00, '2025-04-04 20:30:00'),
(8, 'card', 'completed', 690.00, '2025-04-04 17:00:00'),
(9, 'online', 'pending', 420.00, '2025-04-05 10:00:00'),
(10, 'cash', 'completed', 510.00, '2025-04-05 19:00:00'),
(11, 'card', 'completed', 670.00, '2025-04-06 20:00:00'),
(12, 'online', 'canceled', 0.00, '2025-04-06 10:00:00'),
(13, 'online', 'pending', 390.00, '2025-04-07 10:00:00'),
(14, 'cash', 'completed', 590.00, '2025-04-07 19:30:00'),
(15, 'card', 'completed', 740.00, '2025-04-01 20:30:00'),
(16, 'online', 'pending', 410.00, '2025-04-02 10:00:00'),
(17, 'cash', 'completed', 620.00, '2025-04-03 18:00:00'),
(18, 'card', 'completed', 710.00, '2025-04-04 19:00:00'),
(19, 'online', 'canceled', 0.00, '2025-04-05 10:00:00'),
(20, 'online', 'pending', 400.00, '2025-04-06 10:00:00'),
(21, 'cash', 'completed', 660.00, '2025-04-07 18:30:00'),
(22, 'card', 'completed', 680.00, '2025-04-01 19:30:00'),
(23, 'online', 'pending', 420.00, '2025-04-02 10:00:00'),
(24, 'cash', 'completed', 650.00, '2025-04-03 17:00:00'),
(25, 'card', 'completed', 730.00, '2025-04-04 18:00:00'),
(26, 'online', 'pending', 390.00, '2025-04-05 10:00:00'),
(27, 'cash', 'completed', 690.00, '2025-04-08 20:00:00'),
(28, 'card', 'completed', 640.00, '2025-04-08 17:30:00'),
(29, 'online', 'canceled', 0.00, '2025-04-09 10:00:00'),
(30, 'online', 'pending', 400.00, '2025-04-09 10:00:00'),
(31, 'cash', 'completed', 720.00, '2025-04-10 20:30:00'),
(32, 'card', 'completed', 670.00, '2025-04-10 17:00:00'),
(33, 'online', 'pending', 410.00, '2025-04-11 10:00:00'),
(34, 'cash', 'completed', 680.00, '2025-04-11 19:00:00'),
(35, 'card', 'completed', 710.00, '2025-04-12 20:00:00'),
(36, 'online', 'pending', 420.00, '2025-04-12 10:00:00'),
(37, 'cash', 'completed', 690.00, '2025-04-13 18:30:00'),
(38, 'card', 'completed', 740.00, '2025-04-13 19:30:00'),
(39, 'online', 'canceled', 0.00, '2025-04-14 10:00:00'),
(40, 'online', 'pending', 390.00, '2025-04-14 10:00:00'),
(41, 'cash', 'completed', 650.00, '2025-04-08 18:00:00'),
(42, 'card', 'completed', 720.00, '2025-04-09 19:00:00'),
(43, 'online', 'pending', 400.00, '2025-04-10 10:00:00'),
(44, 'cash', 'completed', 670.00, '2025-04-11 17:30:00'),
(45, 'card', 'completed', 680.00, '2025-04-12 18:30:00'),
(46, 'online', 'canceled', 0.00, '2025-04-13 10:00:00'),
(47, 'cash', 'completed', 710.00, '2025-04-14 20:30:00'),
(48, 'card', 'completed', 690.00, '2025-04-08 17:00:00'),
(49, 'online', 'canceled', 0.00, '2025-04-09 10:00:00'),
(50, 'online', 'pending', 420.00, '2025-04-10 10:00:00'),
(51, 'cash', 'completed', 650.00, '2025-04-11 20:00:00'),
(52, 'card', 'completed', 720.00, '2025-04-12 17:30:00'),
(53, 'online', 'pending', 390.00, '2025-04-13 10:00:00'),
(54, 'cash', 'completed', 670.00, '2025-04-15 19:30:00'),
(55, 'card', 'completed', 680.00, '2025-04-15 20:30:00'),
(56, 'online', 'canceled', 0.00, '2025-04-16 10:00:00'),
(57, 'online', 'pending', 400.00, '2025-04-16 10:00:00'),
(58, 'cash', 'completed', 690.00, '2025-04-17 19:00:00'),
(59, 'card', 'completed', 740.00, '2025-04-17 20:00:00'),
(60, 'online', 'pending', 410.00, '2025-04-18 10:00:00'),
(61, 'cash', 'completed', 650.00, '2025-04-18 18:30:00'),
(62, 'card', 'completed', 720.00, '2025-04-19 19:30:00'),
(63, 'online', 'pending', 420.00, '2025-04-19 10:00:00'),
(64, 'cash', 'completed', 670.00, '2025-04-20 17:00:00'),
(65, 'card', 'completed', 680.00, '2025-04-20 18:00:00'),
(66, 'online', 'canceled', 0.00, '2025-04-21 10:00:00'),
(67, 'online', 'pending', 390.00, '2025-04-15 10:00:00'),
(68, 'cash', 'completed', 690.00, '2025-04-16 17:30:00'),
(69, 'card', 'completed', 740.00, '2025-04-17 19:30:00'),
(70, 'online', 'pending', 400.00, '2025-04-18 10:00:00'),
(71, 'cash', 'completed', 650.00, '2025-04-18 20:30:00'),
(72, 'card', 'completed', 720.00, '2025-04-19 17:00:00'),
(73, 'online', 'pending', 410.00, '2025-04-20 10:00:00'),
(74, 'cash', 'completed', 670.00, '2025-04-21 19:00:00'),
(75, 'card', 'completed', 680.00, '2025-04-15 20:00:00'),
(76, 'online', 'canceled', 0.00, '2025-04-16 10:00:00'),
(77, 'online', 'pending', 420.00, '2025-04-17 10:00:00'),
(78, 'cash', 'completed', 690.00, '2025-04-22 19:30:00'),
(79, 'card', 'completed', 740.00, '2025-04-22 20:30:00'),
(80, 'online', 'pending', 390.00, '2025-04-23 10:00:00'),
(81, 'cash', 'completed', 650.00, '2025-04-23 18:00:00'),
(82, 'card', 'completed', 720.00, '2025-04-24 19:00:00'),
(83, 'online', 'pending', 400.00, '2025-04-24 10:00:00'),
(84, 'cash', 'completed', 670.00, '2025-04-25 18:30:00'),
(85, 'card', 'completed', 680.00, '2025-04-25 19:30:00'),
(86, 'online', 'canceled', 0.00, '2025-04-26 10:00:00'),
(87, 'online', 'pending', 410.00, '2025-04-26 10:00:00'),
(88, 'cash', 'completed', 690.00, '2025-04-27 17:00:00'),
(89, 'card', 'completed', 740.00, '2025-04-27 18:00:00'),
(90, 'online', 'pending', 420.00, '2025-04-28 10:00:00'),
(91, 'cash', 'completed', 650.00, '2025-04-28 20:00:00'),
(92, 'card', 'completed', 720.00, '2025-04-29 18:30:00'),
(93, 'online', 'pending', 390.00, '2025-04-29 10:00:00'),
(94, 'cash', 'completed', 670.00, '2025-04-30 19:30:00'),
(95, 'card', 'completed', 680.00, '2025-04-30 20:30:00'),
(96, 'online', 'canceled', 0.00, '2025-04-22 10:00:00'),
(97, 'online', 'pending', 400.00, '2025-04-23 10:00:00'),
(98, 'cash', 'completed', 690.00, '2025-04-24 19:30:00'),
(99, 'card', 'completed', 740.00, '2025-04-25 20:30:00'),
(100, 'online', 'pending', 410.00, '2025-04-26 10:00:00'),
(101, 'cash', 'completed', 650.00, '2025-04-27 18:30:00'),
(102, 'card', 'completed', 720.00, '2025-04-29 18:30:00'),
(103, 'online', 'pending', 420.00, '2025-04-29 10:00:00'),
(104, 'cash', 'completed', 670.00, '2025-04-30 17:00:00'),
(105, 'card', 'completed', 680.00, '2025-04-22 18:00:00');

-- Insert into Reviews
INSERT INTO Reviews (reservation_id, food_rate, staff_rate, restaurant_rate, comment) VALUES
(1, 4, 4, 5, 'A wonderful evening, thank you!'),
(3, 5, 3, 4, 'The food was very delicious.'),
(7, 3, 4, 4, 'The service was good, but it was a bit crowded.'),
(10, 4, 5, 5, 'Everything was perfect, we will come again.'),
(14, 5, 4, 4, 'The Adana kebab was amazing.'),
(17, 4, 4, 3, 'The food was nice, but the place was a bit noisy.'),
(21, 5, 5, 5, 'An amazing experience!'),
(24, 4, 3, 4, 'Tasty food, slow service.'),
(27, 3, 4, 5, 'Great atmosphere, good food.'),
(31, 5, 4, 4, 'The Iskender kebab was exquisite.'),
(34, 4, 5, 5, 'Excellent service, fresh food.'),
(37, 5, 4, 4, 'Everything was very nice.'),
(41, 4, 4, 3, 'Good food, we waited a bit.'),
(44, 3, 5, 4, 'Fast service, average food.'),
(47, 5, 4, 5, 'The künefe was amazing, great ambiance.'),
(51, 4, 4, 4, 'We had a lovely evening.'),
(54, 5, 5, 5, 'Everything was top-notch!'),
(58, 4, 3, 4, 'Delicious food, service could improve.'),
(61, 5, 4, 5, 'Adana kebab was fantastic!'),
(64, 4, 5, 4, 'Great service and delicious food.'),
(68, 5, 4, 4, 'The food was very nice.'),
(71, 4, 4, 5, 'Great atmosphere, we will come again.'),
(74, 3, 5, 4, 'Fast service, good food.'),
(78, 5, 4, 5, 'An amazing experience!'),
(81, 4, 4, 4, 'Everything was nice.');

-- Insert into Notifications
INSERT INTO Notifications (notification_type, reservation_id, text) VALUES
('call_waiter', 2, 'Customer is calling the waiter.'),
('call_waiter', 5, 'Customer is calling the waiter.'),
('call_waiter', 8, 'Customer is calling the waiter.'),
('call_waiter', 11, 'Customer is calling the waiter.'),
('call_waiter', 15, 'Customer is calling the waiter.'),
('call_waiter', 18, 'Customer is calling the waiter.'),
('call_waiter', 22, 'Customer is calling the waiter.'),
('call_waiter', 25, 'Customer is calling the waiter.'),
('call_waiter', 28, 'Customer is calling the waiter.'),
('call_waiter', 32, 'Customer is calling the waiter.'),
('call_waiter', 35, 'Customer is calling the waiter.'),
('call_waiter', 38, 'Customer is calling the waiter.'),
('call_waiter', 42, 'Customer is calling the waiter.'),
('call_waiter', 45, 'Customer is calling the waiter.'),
('call_waiter', 48, 'Customer is calling the waiter.'),
('call_waiter', 52, 'Customer is calling the waiter.'),
('call_waiter', 55, 'Customer is calling the waiter.'),
('call_waiter', 59, 'Customer is calling the waiter.'),
('call_waiter', 62, 'Customer is calling the waiter.'),
('call_waiter', 65, 'Customer is calling the waiter.'),
('call_waiter', 69, 'Customer is calling the waiter.'),
('call_waiter', 72, 'Customer is calling the waiter.'),
('call_waiter', 75, 'Customer is calling the waiter.'),
('call_waiter', 79, 'Customer is calling the waiter.'),
('call_waiter', 82, 'Customer is calling the waiter.'),
('reservation update', 4, 'Reservation was canceled by the customer.'),
('reservation update', 12, 'Reservation was canceled by the customer.'),
('reservation update', 19, 'Reservation was canceled by the customer.'),
('reservation update', 29, 'Reservation was canceled by the customer.'),
('reservation update', 39, 'Reservation was canceled by the customer.'),
('reservation update', 46, 'Reservation was canceled by the customer.'),
('reservation update', 56, 'Reservation was canceled by the customer.'),
('reservation update', 66, 'Reservation was canceled by the customer.'),
('reservation update', 76, 'Reservation was canceled by the customer.'),
('reservation update', 86, 'Reservation was canceled by the customer.'),
('reservation update', 96, 'Reservation was canceled by the customer.');

-- Update a Table’s Status 
UPDATE Tables
SET status = 'empty'
WHERE ID = 2;

-- Update a Reservation’s Status and Order Status 
UPDATE Reservations
SET status = 'completed',
    order_status = 'served',
    in_restaurant = TRUE
WHERE ID = 1;

-- Update a Payment Amount 
UPDATE Payments
SET amount = 1000.00,
    status = 'completed'
WHERE reservation_id = 1;